﻿"zip","city","county","population"
"90001","Los Angeles","Los Angeles","58974"
"90002","Los Angeles","Los Angeles","53402"
"90003","Los Angeles","Los Angeles","74117"
"90004","Los Angeles","Los Angeles","61105"
"90005","Los Angeles","Los Angeles","38885"
"90006","Los Angeles","Los Angeles","58560"
"90007","Los Angeles","Los Angeles","42380"
"90008","Los Angeles","Los Angeles","31900"
"90010","Los Angeles","Los Angeles","4108"
"90011","Los Angeles","Los Angeles","110750"
"90012","Los Angeles","Los Angeles","37268"
"90013","Los Angeles","Los Angeles","13009"
"90014","Los Angeles","Los Angeles","9126"
"90015","Los Angeles","Los Angeles","23900"
"90016","Los Angeles","Los Angeles","46340"
"90017","Los Angeles","Los Angeles","27832"
"90018","Los Angeles","Los Angeles","52444"
"90019","Los Angeles","Los Angeles","62816"
"90020","Los Angeles","Los Angeles","39366"
"90021","Los Angeles","Los Angeles","3285"
"90022","Los Angeles","Los Angeles","66168"
"90023","Los Angeles","Los Angeles","46517"
"90024","Los Angeles","Los Angeles","52069"
"90025","Los Angeles","Los Angeles","47438"
"90026","Los Angeles","Los Angeles","67657"
"90027","Los Angeles","Los Angeles","45996"
"90028","Los Angeles","Los Angeles","31385"
"90029","Los Angeles","Los Angeles","36126"
"90031","Los Angeles","Los Angeles","39497"
"90032","Los Angeles","Los Angeles","47857"
"90033","Los Angeles","Los Angeles","49695"
"90034","Los Angeles","Los Angeles","56416"
"90035","Los Angeles","Los Angeles","27725"
"90036","Los Angeles","Los Angeles","38111"
"90037","Los Angeles","Los Angeles","67377"
"90038","Los Angeles","Los Angeles","28592"
"90039","Los Angeles","Los Angeles","29966"
"90040","Los Angeles","Los Angeles","12363"
"90041","Los Angeles","Los Angeles","29888"
"90042","Los Angeles","Los Angeles","60509"
"90043","Los Angeles","Los Angeles","46358"
"90044","Los Angeles","Los Angeles","99980"
"90045","Los Angeles","Los Angeles","39795"
"90046","Los Angeles","Los Angeles","49828"
"90047","Los Angeles","Los Angeles","51057"
"90048","Los Angeles","Los Angeles","21766"
"90049","Los Angeles","Los Angeles","36610"
"90056","Los Angeles","Los Angeles","8058"
"90057","Los Angeles","Los Angeles","49771"
"90058","Los Angeles","Los Angeles","3003"
"90059","Los Angeles","Los Angeles","42311"
"90061","Los Angeles","Los Angeles","28755"
"90062","Los Angeles","Los Angeles","35908"
"90063","Los Angeles","Los Angeles","53846"
"90064","Los Angeles","Los Angeles","25988"
"90065","Los Angeles","Los Angeles","47389"
"90066","Los Angeles","Los Angeles","58851"
"90067","Los Angeles","Los Angeles","2560"
"90068","Los Angeles","Los Angeles","21590"
"90069","West Hollywood","Los Angeles","20035"
"90071","Los Angeles","Los Angeles","152"
"90073","Los Angeles","Los Angeles","962"
"90077","Los Angeles","Los Angeles","8328"
"90079","Los Angeles","Los Angeles","0"
"90089","Los Angeles","Los Angeles","3740"
"90094","Los Angeles","Los Angeles","9065"
"90095","Los Angeles","Los Angeles","0"
"90201","Bell","Los Angeles","100512"
"90210","Beverly Hills","Los Angeles","19229"
"90211","Beverly Hills","Los Angeles","9211"
"90212","Beverly Hills","Los Angeles","11878"
"90220","Compton","Los Angeles","51042"
"90221","Compton","Los Angeles","50928"
"90222","Compton","Los Angeles","34547"
"90230","Culver City","Los Angeles","33135"
"90232","Culver City","Los Angeles","14921"
"90240","Downey","Los Angeles","26801"
"90241","Downey","Los Angeles","42759"
"90242","Downey","Los Angeles","41703"
"90245","El Segundo","Los Angeles","16575"
"90247","Gardena","Los Angeles","47507"
"90248","Gardena","Los Angeles","11425"
"90249","Gardena","Los Angeles","26192"
"90250","Hawthorne","Los Angeles","95115"
"90254","Hermosa Beach","Los Angeles","19147"
"90255","Huntington Park","Los Angeles","74390"
"90260","Lawndale","Los Angeles","34540"
"90262","Lynwood","Los Angeles","69369"
"90263","Malibu","Los Angeles","1813"
"90265","Malibu","Los Angeles","18028"
"90266","Manhattan Beach","Los Angeles","35064"
"90270","Maywood","Los Angeles","27127"
"90272","Pacific Palisades","Los Angeles","21848"
"90274","Palos Verdes Peninsula","Los Angeles","24541"
"90275","Rancho Palos Verdes","Los Angeles","41731"
"90277","Redondo Beach","Los Angeles","34494"
"90278","Redondo Beach","Los Angeles","40090"
"90280","South Gate","Los Angeles","94905"
"90290","Topanga","Los Angeles","5200"
"90291","Venice","Los Angeles","27556"
"90292","Marina Del Rey","Los Angeles","23931"
"90293","Playa Del Rey","Los Angeles","12915"
"90301","Inglewood","Los Angeles","39320"
"90302","Inglewood","Los Angeles","29367"
"90303","Inglewood","Los Angeles","23961"
"90304","Inglewood","Los Angeles","26584"
"90305","Inglewood","Los Angeles","15373"
"90401","Santa Monica","Los Angeles","7079"
"90402","Santa Monica","Los Angeles","11637"
"90403","Santa Monica","Los Angeles","24359"
"90404","Santa Monica","Los Angeles","23107"
"90405","Santa Monica","Los Angeles","27509"
"90501","Torrance","Los Angeles","42298"
"90502","Torrance","Los Angeles","18527"
"90503","Torrance","Los Angeles","44354"
"90504","Torrance","Los Angeles","32703"
"90505","Torrance","Los Angeles","36820"
"90506","Torrance","Los Angeles","0"
"90601","Whittier","Los Angeles","30623"
"90602","Whittier","Los Angeles","25426"
"90603","Whittier","Los Angeles","20780"
"90604","Whittier","Los Angeles","40545"
"90605","Whittier","Los Angeles","41162"
"90606","Whittier","Los Angeles","32631"
"90620","Buena Park","Orange","46228"
"90621","Buena Park","Orange","35448"
"90623","La Palma","Orange","15624"
"90630","Cypress","Orange","49378"
"90631","La Habra","Orange","68748"
"90638","La Mirada","Los Angeles","48704"
"90640","Montebello","Los Angeles","62873"
"90650","Norwalk","Los Angeles","104524"
"90660","Pico Rivera","Los Angeles","62507"
"90670","Santa Fe Springs","Los Angeles","16410"
"90680","Stanton","Orange","30807"
"90701","Artesia","Los Angeles","16500"
"90703","Cerritos","Los Angeles","49633"
"90704","Avalon","Los Angeles","4201"
"90706","Bellflower","Los Angeles","76339"
"90710","Harbor City","Los Angeles","28566"
"90712","Lakewood","Los Angeles","30773"
"90713","Lakewood","Los Angeles","27905"
"90715","Lakewood","Los Angeles","20505"
"90716","Hawaiian Gardens","Los Angeles","14170"
"90717","Lomita","Los Angeles","20919"
"90720","Los Alamitos","Orange","22998"
"90723","Paramount","Los Angeles","53949"
"90731","San Pedro","Los Angeles","60813"
"90732","San Pedro","Los Angeles","22561"
"90740","Seal Beach","Orange","24288"
"90742","Sunset Beach","Orange","617"
"90743","Surfside","Orange","256"
"90744","Wilmington","Los Angeles","56450"
"90745","Carson","Los Angeles","55567"
"90746","Carson","Los Angeles","27458"
"90747","Carson","Los Angeles","0"
"90802","Long Beach","Los Angeles","39165"
"90803","Long Beach","Los Angeles","32241"
"90804","Long Beach","Los Angeles","38151"
"90805","Long Beach","Los Angeles","95094"
"90806","Long Beach","Los Angeles","41280"
"90807","Long Beach","Los Angeles","32699"
"90808","Long Beach","Los Angeles","39602"
"90810","Long Beach","Los Angeles","36657"
"90813","Long Beach","Los Angeles","56726"
"90814","Long Beach","Los Angeles","18714"
"90815","Long Beach","Los Angeles","41854"
"90822","Long Beach","Los Angeles","133"
"90831","Long Beach","Los Angeles","0"
"91001","Altadena","Los Angeles","36697"
"91006","Arcadia","Los Angeles","32526"
"91007","Arcadia","Los Angeles","33827"
"91010","Duarte","Los Angeles","26516"
"91011","La Canada Flintridge","Los Angeles","20174"
"91016","Monrovia","Los Angeles","41582"
"91020","Montrose","Los Angeles","8785"
"91024","Sierra Madre","Los Angeles","10829"
"91030","South Pasadena","Los Angeles","25478"
"91040","Sunland","Los Angeles","20606"
"91042","Tujunga","Los Angeles","26617"
"91046","Verdugo City","Los Angeles","191"
"91101","Pasadena","Los Angeles","21920"
"91103","Pasadena","Los Angeles","26837"
"91104","Pasadena","Los Angeles","37784"
"91105","Pasadena","Los Angeles","12648"
"91106","Pasadena","Los Angeles","25205"
"91107","Pasadena","Los Angeles","33481"
"91108","San Marino","Los Angeles","13175"
"91201","Glendale","Los Angeles","22786"
"91202","Glendale","Los Angeles","23399"
"91203","Glendale","Los Angeles","15794"
"91204","Glendale","Los Angeles","18950"
"91205","Glendale","Los Angeles","37549"
"91206","Glendale","Los Angeles","33781"
"91207","Glendale","Los Angeles","11318"
"91208","Glendale","Los Angeles","15146"
"91210","Glendale","Los Angeles","352"
"91214","La Crescenta","Los Angeles","31668"
"91301","Agoura Hills","Los Angeles","26021"
"91302","Calabasas","Los Angeles","26961"
"91303","Canoga Park","Los Angeles","31024"
"91304","Canoga Park","Los Angeles","53637"
"91306","Winnetka","Los Angeles","50319"
"91307","West Hills","Los Angeles","25794"
"91311","Chatsworth","Los Angeles","41811"
"91316","Encino","Los Angeles","30412"
"91320","Newbury Park","Ventura","44667"
"91321","Newhall","Los Angeles","34340"
"91324","Northridge","Los Angeles","30995"
"91325","Northridge","Los Angeles","34637"
"91326","Northridge","Los Angeles","36126"
"91330","Northridge","Los Angeles","3136"
"91331","Pacoima","Los Angeles","103683"
"91335","Reseda","Los Angeles","80937"
"91340","San Fernando","Los Angeles","37221"
"91342","Sylmar","Los Angeles","94432"
"91343","North Hills","Los Angeles","65344"
"91344","Granada Hills","Los Angeles","55694"
"91345","Mission Hills","Los Angeles","18825"
"91350","Santa Clarita","Los Angeles","38611"
"91351","Canyon Country","Los Angeles","30746"
"91352","Sun Valley","Los Angeles","46027"
"91354","Valencia","Los Angeles","33039"
"91355","Valencia","Los Angeles","29371"
"91356","Tarzana","Los Angeles","30700"
"91360","Thousand Oaks","Ventura","42663"
"91361","Westlake Village","Ventura","19953"
"91362","Thousand Oaks","Ventura","37085"
"91364","Woodland Hills","Los Angeles","28395"
"91367","Woodland Hills","Los Angeles","45074"
"91371","Woodland Hills","Los Angeles","0"
"91377","Oak Park","Ventura","13987"
"91381","Stevenson Ranch","Los Angeles","19675"
"91384","Castaic","Los Angeles","28833"
"91387","Canyon Country","Los Angeles","41145"
"91390","Santa Clarita","Los Angeles","19093"
"91401","Van Nuys","Los Angeles","40405"
"91402","Panorama City","Los Angeles","70702"
"91403","Sherman Oaks","Los Angeles","25837"
"91405","Van Nuys","Los Angeles","56821"
"91406","Van Nuys","Los Angeles","54309"
"91411","Van Nuys","Los Angeles","24893"
"91423","Sherman Oaks","Los Angeles","32968"
"91436","Encino","Los Angeles","16737"
"91501","Burbank","Los Angeles","19459"
"91502","Burbank","Los Angeles","11218"
"91504","Burbank","Los Angeles","27975"
"91505","Burbank","Los Angeles","31139"
"91506","Burbank","Los Angeles","17864"
"91601","North Hollywood","Los Angeles","35312"
"91602","North Hollywood","Los Angeles","20339"
"91604","Studio City","Los Angeles","34021"
"91605","North Hollywood","Los Angeles","52345"
"91606","North Hollywood","Los Angeles","45003"
"91607","Valley Village","Los Angeles","31039"
"91608","Universal City","Los Angeles","18"
"91701","Rancho Cucamonga","San Bernardino","39954"
"91702","Azusa","Los Angeles","61464"
"91706","Baldwin Park","Los Angeles","76581"
"91708","Chino","San Bernardino","4880"
"91709","Chino Hills","San Bernardino","82800"
"91710","Chino","San Bernardino","90481"
"91711","Claremont","Los Angeles","36217"
"91722","Covina","Los Angeles","34951"
"91723","Covina","Los Angeles","17664"
"91724","Covina","Los Angeles","27510"
"91730","Rancho Cucamonga","San Bernardino","74843"
"91731","El Monte","Los Angeles","30313"
"91732","El Monte","Los Angeles","61075"
"91733","South El Monte","Los Angeles","44908"
"91737","Rancho Cucamonga","San Bernardino","24064"
"91739","Rancho Cucamonga","San Bernardino","39355"
"91740","Glendora","Los Angeles","26099"
"91741","Glendora","Los Angeles","26071"
"91744","La Puente","Los Angeles","83396"
"91745","Hacienda Heights","Los Angeles","55394"
"91746","La Puente","Los Angeles","29876"
"91748","Rowland Heights","Los Angeles","46634"
"91750","La Verne","Los Angeles","34468"
"91752","Mira Loma","Riverside","36087"
"91754","Monterey Park","Los Angeles","33343"
"91755","Monterey Park","Los Angeles","27254"
"91759","Mt Baldy","Los Angeles","351"
"91761","Ontario","San Bernardino","60827"
"91762","Ontario","San Bernardino","63819"
"91763","Montclair","San Bernardino","39557"
"91764","Ontario","San Bernardino","57265"
"91765","Diamond Bar","Los Angeles","46248"
"91766","Pomona","Los Angeles","71189"
"91767","Pomona","Los Angeles","50493"
"91768","Pomona","Los Angeles","35634"
"91770","Rosemead","Los Angeles","63177"
"91773","San Dimas","Los Angeles","33703"
"91775","San Gabriel","Los Angeles","24517"
"91776","San Gabriel","Los Angeles","38675"
"91780","Temple City","Los Angeles","34854"
"91784","Upland","San Bernardino","26296"
"91786","Upland","San Bernardino","54165"
"91789","Walnut","Los Angeles","43531"
"91790","West Covina","Los Angeles","44601"
"91791","West Covina","Los Angeles","33314"
"91792","West Covina","Los Angeles","29806"
"91801","Alhambra","Los Angeles","54161"
"91803","Alhambra","Los Angeles","30093"
"91901","Alpine","San Diego","17896"
"91902","Bonita","San Diego","17760"
"91905","Boulevard","San Diego","1665"
"91906","Campo","San Diego","4327"
"91910","Chula Vista","San Diego","74233"
"91911","Chula Vista","San Diego","88593"
"91913","Chula Vista","San Diego","51054"
"91914","Chula Vista","San Diego","16889"
"91915","Chula Vista","San Diego","33991"
"91916","Descanso","San Diego","1775"
"91917","Dulzura","San Diego","1048"
"91931","Guatay","San Diego","530"
"91932","Imperial Beach","San Diego","26323"
"91934","Jacumba","San Diego","785"
"91935","Jamul","San Diego","9270"
"91941","La Mesa","San Diego","33126"
"91942","La Mesa","San Diego","40714"
"91945","Lemon Grove","San Diego","26923"
"91948","Mount Laguna","San Diego","115"
"91950","National City","San Diego","62783"
"91962","Pine Valley","San Diego","2652"
"91963","Potrero","San Diego","479"
"91977","Spring Valley","San Diego","63267"
"91978","Spring Valley","San Diego","10949"
"91980","Tecate","San Diego","0"
"92003","Bonsall","San Diego","5123"
"92004","Borrego Springs","San Diego","2284"
"92007","Cardiff By The Sea","San Diego","11973"
"92008","Carlsbad","San Diego","27119"
"92009","Carlsbad","San Diego","46849"
"92014","Del Mar","San Diego","13133"
"92019","El Cajon","San Diego","44397"
"92020","El Cajon","San Diego","57796"
"92021","El Cajon","San Diego","71183"
"92024","Encinitas","San Diego","50994"
"92025","Escondido","San Diego","52276"
"92026","Escondido","San Diego","50461"
"92027","Escondido","San Diego","57225"
"92028","Fallbrook","San Diego","48736"
"92029","Escondido","San Diego","19361"
"92036","Julian","San Diego","2619"
"92037","La Jolla","San Diego","38261"
"92040","Lakeside","San Diego","45392"
"92054","Oceanside","San Diego","40709"
"92055","Camp Pendleton","San Diego","12783"
"92056","Oceanside","San Diego","53124"
"92057","Oceanside","San Diego","59190"
"92058","Oceanside","San Diego","47011"
"92059","Pala","San Diego","1578"
"92060","Palomar Mountain","San Diego","457"
"92061","Pauma Valley","San Diego","2273"
"92064","Poway","San Diego","49768"
"92065","Ramona","San Diego","36460"
"92066","Ranchita","San Diego","350"
"92067","Rancho Santa Fe","San Diego","8968"
"92069","San Marcos","San Diego","48048"
"92070","Santa Ysabel","San Diego","892"
"92071","Santee","San Diego","57207"
"92075","Solana Beach","San Diego","12691"
"92078","San Marcos","San Diego","52810"
"92082","Valley Center","San Diego","19636"
"92083","Vista","San Diego","39276"
"92084","Vista","San Diego","50306"
"92086","Warner Springs","San Diego","1259"
"92091","Rancho Santa Fe","San Diego","1311"
"92101","San Diego","San Diego","42423"
"92102","San Diego","San Diego","42413"
"92103","San Diego","San Diego","34246"
"92104","San Diego","San Diego","45601"
"92105","San Diego","San Diego","75990"
"92106","San Diego","San Diego","20592"
"92107","San Diego","San Diego","31667"
"92108","San Diego","San Diego","21013"
"92109","San Diego","San Diego","46777"
"92110","San Diego","San Diego","30047"
"92111","San Diego","San Diego","49874"
"92113","San Diego","San Diego","58231"
"92114","San Diego","San Diego","69858"
"92115","San Diego","San Diego","63755"
"92116","San Diego","San Diego","32361"
"92117","San Diego","San Diego","58651"
"92118","Coronado","San Diego","23426"
"92119","San Diego","San Diego","24915"
"92120","San Diego","San Diego","29764"
"92121","San Diego","San Diego","4668"
"92122","San Diego","San Diego","47842"
"92123","San Diego","San Diego","34103"
"92124","San Diego","San Diego","32754"
"92126","San Diego","San Diego","83257"
"92127","San Diego","San Diego","50092"
"92128","San Diego","San Diego","52225"
"92129","San Diego","San Diego","56608"
"92130","San Diego","San Diego","56741"
"92131","San Diego","San Diego","34922"
"92132","San Diego","San Diego","0"
"92134","San Diego","San Diego","297"
"92135","San Diego","San Diego","637"
"92139","San Diego","San Diego","36172"
"92140","San Diego","San Diego","3443"
"92145","San Diego","San Diego","1948"
"92147","San Diego","San Diego","396"
"92154","San Diego","San Diego","89886"
"92155","San Diego","San Diego","463"
"92173","San Ysidro","San Diego","31248"
"92201","Indio","Riverside","64967"
"92203","Indio","Riverside","32360"
"92210","Indian Wells","Riverside","5137"
"92211","Palm Desert","Riverside","25530"
"92220","Banning","Riverside","33360"
"92222","Bard","Imperial","0"
"92223","Beaumont","Riverside","56925"
"92225","Blythe","Riverside","22520"
"92227","Brawley","Imperial","27165"
"92230","Cabazon","Riverside","2363"
"92231","Calexico","Imperial","39884"
"92233","Calipatria","Imperial","7520"
"92234","Cathedral City","Riverside","54812"
"92236","Coachella","Riverside","45975"
"92239","Desert Center","Riverside","295"
"92240","Desert Hot Springs","Riverside","36214"
"92241","Desert Hot Springs","Riverside","7695"
"92242","Earp","San Bernardino","1300"
"92243","El Centro","Imperial","50112"
"92249","Heber","Imperial","8459"
"92250","Holtville","Imperial","8255"
"92251","Imperial","Imperial","24321"
"92252","Joshua Tree","San Bernardino","9500"
"92253","La Quinta","Riverside","41573"
"92254","Mecca","Riverside","8336"
"92256","Morongo Valley","San Bernardino","3176"
"92257","Niland","Imperial","1217"
"92258","North Palm Springs","Riverside","517"
"92259","Ocotillo","Imperial","89"
"92260","Palm Desert","Riverside","34553"
"92262","Palm Springs","Riverside","28463"
"92264","Palm Springs","Riverside","20881"
"92266","Palo Verde","Imperial","119"
"92267","Parker Dam","San Bernardino","26"
"92268","Pioneertown","San Bernardino","360"
"92270","Rancho Mirage","Riverside","18537"
"92273","Seeley","Imperial","1847"
"92274","Thermal","Riverside","14105"
"92275","Salton City","Imperial","2531"
"92276","Thousand Palms","Riverside","8158"
"92277","Twentynine Palms","San Bernardino","24464"
"92278","Twentynine Palms","San Bernardino","5001"
"92280","Vidal","San Bernardino","0"
"92281","Westmorland","Imperial","2865"
"92282","White Water","Riverside","1440"
"92283","Winterhaven","Imperial","1730"
"92284","Yucca Valley","San Bernardino","25791"
"92285","Landers","San Bernardino","2440"
"92301","Adelanto","San Bernardino","34791"
"92304","Amboy","San Bernardino","7"
"92305","Angelus Oaks","San Bernardino","613"
"92307","Apple Valley","San Bernardino","38848"
"92308","Apple Valley","San Bernardino","42375"
"92309","Baker","San Bernardino","634"
"92310","Fort Irwin","San Bernardino","9573"
"92311","Barstow","San Bernardino","32619"
"92313","Grand Terrace","San Bernardino","12559"
"92314","Big Bear City","San Bernardino","10684"
"92315","Big Bear Lake","San Bernardino","5307"
"92316","Bloomington","San Bernardino","29176"
"92320","Calimesa","Riverside","9022"
"92321","Cedar Glen","San Bernardino","907"
"92322","Cedarpines Park","San Bernardino","558"
"92324","Colton","San Bernardino","59628"
"92325","Crestline","San Bernardino","8647"
"92327","Daggett","San Bernardino","835"
"92328","Death Valley","Inyo","578"
"92332","Essex","San Bernardino","94"
"92333","Fawnskin","San Bernardino","409"
"92335","Fontana","San Bernardino","99242"
"92336","Fontana","San Bernardino","98731"
"92337","Fontana","San Bernardino","39600"
"92338","Ludlow","San Bernardino","0"
"92339","Forest Falls","San Bernardino","1382"
"92341","Green Valley Lake","San Bernardino","248"
"92342","Helendale","San Bernardino","6725"
"92345","Hesperia","San Bernardino","83731"
"92346","Highland","San Bernardino","63395"
"92347","Hinkley","San Bernardino","683"
"92352","Lake Arrowhead","San Bernardino","6319"
"92354","Loma Linda","San Bernardino","22991"
"92356","Lucerne Valley","San Bernardino","6199"
"92358","Lytle Creek","San Bernardino","701"
"92359","Mentone","San Bernardino","9779"
"92363","Needles","San Bernardino","5374"
"92364","Nipton","San Bernardino","5"
"92365","Newberry Springs","San Bernardino","2527"
"92368","Oro Grande","San Bernardino","1058"
"92371","Phelan","San Bernardino","20881"
"92372","Pinon Hills","San Bernardino","5796"
"92373","Redlands","San Bernardino","32433"
"92374","Redlands","San Bernardino","44131"
"92376","Rialto","San Bernardino","86719"
"92377","Rialto","San Bernardino","20606"
"92378","Rimforest","San Bernardino","163"
"92382","Running Springs","San Bernardino","4816"
"92384","Shoshone","Inyo","18"
"92385","Skyforest","San Bernardino","235"
"92386","Sugarloaf","San Bernardino","2038"
"92389","Tecopa","Inyo","212"
"92391","Twin Peaks","San Bernardino","2263"
"92392","Victorville","San Bernardino","56938"
"92394","Victorville","San Bernardino","34836"
"92397","Wrightwood","San Bernardino","4638"
"92398","Yermo","San Bernardino","1643"
"92399","Yucaipa","San Bernardino","55070"
"92401","San Bernardino","San Bernardino","1971"
"92404","San Bernardino","San Bernardino","63261"
"92405","San Bernardino","San Bernardino","30782"
"92407","San Bernardino","San Bernardino","67866"
"92408","San Bernardino","San Bernardino","14312"
"92410","San Bernardino","San Bernardino","44685"
"92411","San Bernardino","San Bernardino","26361"
"92501","Riverside","Riverside","21967"
"92503","Riverside","Riverside","93032"
"92504","Riverside","Riverside","62423"
"92505","Riverside","Riverside","54706"
"92506","Riverside","Riverside","45699"
"92507","Riverside","Riverside","59612"
"92508","Riverside","Riverside","38518"
"92509","Riverside","Riverside","82377"
"92518","March Air Force Base","Riverside","1266"
"92530","Lake Elsinore","Riverside","56442"
"92532","Lake Elsinore","Riverside","25333"
"92536","Aguanga","Riverside","2639"
"92539","Anza","Riverside","4433"
"92543","Hemet","Riverside","37492"
"92544","Hemet","Riverside","50392"
"92545","Hemet","Riverside","44278"
"92548","Homeland","Riverside","8502"
"92549","Idyllwild","Riverside","2988"
"92551","Moreno Valley","Riverside","34441"
"92553","Moreno Valley","Riverside","74107"
"92555","Moreno Valley","Riverside","46566"
"92557","Moreno Valley","Riverside","54275"
"92561","Mountain Center","Riverside","1471"
"92562","Murrieta","Riverside","65159"
"92563","Murrieta","Riverside","71394"
"92567","Nuevo","Riverside","10012"
"92570","Perris","Riverside","60370"
"92571","Perris","Riverside","59417"
"92582","San Jacinto","Riverside","18243"
"92583","San Jacinto","Riverside","32077"
"92584","Menifee","Riverside","54130"
"92585","Sun City","Riverside","23868"
"92586","Sun City","Riverside","18615"
"92587","Sun City","Riverside","18017"
"92590","Temecula","Riverside","5215"
"92591","Temecula","Riverside","41588"
"92592","Temecula","Riverside","86115"
"92595","Wildomar","Riverside","34034"
"92596","Winchester","Riverside","34743"
"92602","Irvine","Orange","21666"
"92603","Irvine","Orange","20183"
"92604","Irvine","Orange","28330"
"92606","Irvine","Orange","27410"
"92610","Foothill Ranch","Orange","17002"
"92612","Irvine","Orange","32069"
"92614","Irvine","Orange","27471"
"92618","Irvine","Orange","54509"
"92620","Irvine","Orange","48360"
"92624","Capistrano Beach","Orange","6376"
"92625","Corona Del Mar","Orange","13149"
"92626","Costa Mesa","Orange","50978"
"92627","Costa Mesa","Orange","62437"
"92629","Dana Point","Orange","27023"
"92630","Lake Forest","Orange","60804"
"92637","Laguna Hills","Orange","16034"
"92646","Huntington Beach","Orange","56568"
"92647","Huntington Beach","Orange","61476"
"92648","Huntington Beach","Orange","45328"
"92649","Huntington Beach","Orange","35856"
"92651","Laguna Beach","Orange","23732"
"92653","Laguna Hills","Orange","30080"
"92655","Midway City","Orange","8730"
"92656","Aliso Viejo","Orange","51940"
"92657","Newport Coast","Orange","8988"
"92660","Newport Beach","Orange","35409"
"92661","Newport Beach","Orange","3825"
"92662","Newport Beach","Orange","2710"
"92663","Newport Beach","Orange","22721"
"92672","San Clemente","Orange","34659"
"92673","San Clemente","Orange","30634"
"92675","San Juan Capistrano","Orange","39827"
"92676","Silverado","Orange","2033"
"92677","Laguna Niguel","Orange","65508"
"92678","Trabuco Canyon","Orange","555"
"92679","Trabuco Canyon","Orange","32784"
"92683","Westminster","Orange","90833"
"92688","Rancho Santa Margarita","Orange","44586"
"92691","Mission Viejo","Orange","50033"
"92692","Mission Viejo","Orange","47548"
"92694","Ladera Ranch","Orange","26679"
"92701","Santa Ana","Orange","54796"
"92703","Santa Ana","Orange","66428"
"92704","Santa Ana","Orange","85935"
"92705","Santa Ana","Orange","47044"
"92706","Santa Ana","Orange","39080"
"92707","Santa Ana","Orange","62698"
"92708","Fountain Valley","Orange","56811"
"92780","Tustin","Orange","58654"
"92782","Tustin","Orange","23166"
"92801","Anaheim","Orange","65757"
"92802","Anaheim","Orange","44013"
"92804","Anaheim","Orange","88173"
"92805","Anaheim","Orange","74557"
"92806","Anaheim","Orange","40216"
"92807","Anaheim","Orange","36057"
"92808","Anaheim","Orange","21787"
"92821","Brea","Orange","39140"
"92823","Brea","Orange","4996"
"92831","Fullerton","Orange","36211"
"92832","Fullerton","Orange","25887"
"92833","Fullerton","Orange","52537"
"92835","Fullerton","Orange","26115"
"92840","Garden Grove","Orange","54315"
"92841","Garden Grove","Orange","33990"
"92843","Garden Grove","Orange","47823"
"92844","Garden Grove","Orange","22686"
"92845","Garden Grove","Orange","15490"
"92860","Norco","Riverside","27219"
"92861","Villa Park","Orange","5886"
"92865","Orange","Orange","21003"
"92866","Orange","Orange","15428"
"92867","Orange","Orange","44437"
"92868","Orange","Orange","26549"
"92869","Orange","Orange","36259"
"92870","Placentia","Orange","53194"
"92879","Corona","Riverside","49481"
"92880","Corona","Riverside","72614"
"92881","Corona","Riverside","32694"
"92882","Corona","Riverside","74742"
"92883","Corona","Riverside","36608"
"92886","Yorba Linda","Orange","51312"
"92887","Yorba Linda","Orange","19362"
"93001","Ventura","Ventura","31729"
"93003","Ventura","Ventura","51461"
"93004","Ventura","Ventura","31283"
"93010","Camarillo","Ventura","46434"
"93012","Camarillo","Ventura","35726"
"93013","Carpinteria","Santa Barbara","17021"
"93015","Fillmore","Ventura","18182"
"93021","Moorpark","Ventura","38235"
"93022","Oak View","Ventura","6607"
"93023","Ojai","Ventura","21011"
"93030","Oxnard","Ventura","59844"
"93033","Oxnard","Ventura","84902"
"93035","Oxnard","Ventura","28426"
"93040","Piru","Ventura","1822"
"93041","Port Hueneme","Ventura","24102"
"93042","Point Mugu Nawc","Ventura","124"
"93043","Port Hueneme Cbc Base","Ventura","82"
"93060","Santa Paula","Ventura","33799"
"93063","Simi Valley","Ventura","56259"
"93064","Brandeis","Ventura","0"
"93065","Simi Valley","Ventura","71906"
"93066","Somis","Ventura","2925"
"93067","Summerland","Santa Barbara","369"
"93101","Santa Barbara","Santa Barbara","32650"
"93103","Santa Barbara","Santa Barbara","20542"
"93105","Santa Barbara","Santa Barbara","26933"
"93108","Santa Barbara","Santa Barbara","10451"
"93109","Santa Barbara","Santa Barbara","11289"
"93110","Santa Barbara","Santa Barbara","15777"
"93111","Santa Barbara","Santa Barbara","18468"
"93117","Goleta","Santa Barbara","59298"
"93201","Alpaugh","Tulare","1251"
"93202","Armona","Kings","4236"
"93203","Arvin","Kern","22546"
"93204","Avenal","Kings","13033"
"93205","Bodfish","Kern","2164"
"93206","Buttonwillow","Kern","1741"
"93207","California Hot Springs","Tulare","216"
"93208","Camp Nelson","Tulare","110"
"93210","Coalinga","Fresno","18339"
"93212","Corcoran","Kings","22596"
"93215","Delano","Kern","55648"
"93218","Ducor","Tulare","827"
"93219","Earlimart","Tulare","10998"
"93220","Edison","Kern","45"
"93221","Exeter","Tulare","14596"
"93222","Frazier Park","Kern","1812"
"93223","Farmersville","Tulare","10842"
"93224","Fellows","Kern","364"
"93225","Frazier Park","Kern","5538"
"93226","Glennville","Kern","82"
"93230","Hanford","Kings","68896"
"93234","Huron","Fresno","7258"
"93235","Ivanhoe","Tulare","4561"
"93238","Kernville","Kern","810"
"93239","Kettleman City","Kings","1785"
"93240","Lake Isabella","Kern","6096"
"93241","Lamont","Kern","16988"
"93242","Laton","Fresno","3455"
"93243","Lebec","Kern","1513"
"93244","Lemon Cove","Tulare","326"
"93245","Lemoore","Kings","38275"
"93247","Lindsay","Tulare","17334"
"93249","Lost Hills","Kern","1959"
"93250","Mc Farland","Kern","14689"
"93251","Mc Kittrick","Kern","237"
"93252","Maricopa","Kern","3180"
"93254","New Cuyama","Santa Barbara","757"
"93255","Onyx","Kern","854"
"93256","Pixley","Tulare","5811"
"93257","Porterville","Tulare","75483"
"93258","Porterville","Tulare","1366"
"93260","Posey","Tulare","244"
"93261","Richgrove","Tulare","2179"
"93262","Sequoia National Park","Tulare","45"
"93263","Shafter","Kern","21854"
"93265","Springville","Tulare","3230"
"93266","Stratford","Kings","1086"
"93267","Strathmore","Tulare","6325"
"93268","Taft","Kern","18389"
"93270","Terra Bella","Tulare","5538"
"93271","Three Rivers","Tulare","2699"
"93272","Tipton","Tulare","4925"
"93274","Tulare","Tulare","75068"
"93276","Tupman","Kern","134"
"93277","Visalia","Tulare","53114"
"93280","Wasco","Kern","28394"
"93283","Weldon","Kern","2216"
"93285","Wofford Heights","Kern","2009"
"93286","Woodlake","Tulare","10466"
"93287","Woody","Kern","75"
"93291","Visalia","Tulare","58394"
"93292","Visalia","Tulare","42769"
"93301","Bakersfield","Kern","12624"
"93304","Bakersfield","Kern","46922"
"93305","Bakersfield","Kern","38682"
"93306","Bakersfield","Kern","74296"
"93307","Bakersfield","Kern","86273"
"93308","Bakersfield","Kern","55211"
"93309","Bakersfield","Kern","58709"
"93311","Bakersfield","Kern","46618"
"93312","Bakersfield","Kern","59200"
"93313","Bakersfield","Kern","57200"
"93401","San Luis Obispo","San Luis Obispo","28751"
"93402","Los Osos","San Luis Obispo","16198"
"93405","San Luis Obispo","San Luis Obispo","36285"
"93410","San Luis Obispo","San Luis Obispo","0"
"93420","Arroyo Grande","San Luis Obispo","29915"
"93422","Atascadero","San Luis Obispo","34005"
"93424","Avila Beach","San Luis Obispo","955"
"93426","Bradley","Monterey","1717"
"93427","Buellton","Santa Barbara","6195"
"93428","Cambria","San Luis Obispo","5758"
"93429","Casmalia","Santa Barbara","88"
"93430","Cayucos","San Luis Obispo","2681"
"93432","Creston","San Luis Obispo","1112"
"93433","Grover Beach","San Luis Obispo","13481"
"93434","Guadalupe","Santa Barbara","7654"
"93436","Lompoc","Santa Barbara","55727"
"93437","Lompoc","Santa Barbara","3646"
"93440","Los Alamos","Santa Barbara","1355"
"93441","Los Olivos","Santa Barbara","861"
"93442","Morro Bay","San Luis Obispo","10955"
"93444","Nipomo","San Luis Obispo","22383"
"93445","Oceano","San Luis Obispo","7327"
"93446","Paso Robles","San Luis Obispo","44960"
"93449","Pismo Beach","San Luis Obispo","8042"
"93450","San Ardo","Monterey","856"
"93451","San Miguel","San Luis Obispo","4233"
"93452","San Simeon","San Luis Obispo","550"
"93453","Santa Margarita","San Luis Obispo","2414"
"93454","Santa Maria","Santa Barbara","40600"
"93455","Santa Maria","Santa Barbara","45246"
"93458","Santa Maria","Santa Barbara","56572"
"93460","Santa Ynez","Santa Barbara","6023"
"93461","Shandon","San Luis Obispo","1437"
"93463","Solvang","Santa Barbara","7846"
"93465","Templeton","San Luis Obispo","9465"
"93501","Mojave","Kern","4798"
"93505","California City","Kern","13993"
"93510","Acton","Los Angeles","7433"
"93512","Benton","Mono","244"
"93513","Big Pine","Inyo","1461"
"93514","Bishop","Inyo","14423"
"93516","Boron","Kern","2406"
"93517","Bridgeport","Mono","627"
"93518","Caliente","Kern","833"
"93519","Cantil","Kern","0"
"93522","Darwin","Inyo","90"
"93523","Edwards","Kern","3681"
"93524","Edwards","Kern","164"
"93526","Independence","Inyo","767"
"93527","Inyokern","Kern","1690"
"93528","Johannesburg","Kern","48"
"93529","June Lake","Mono","413"
"93530","Keeler","Inyo","6"
"93531","Keene","Kern","371"
"93532","Lake Hughes","Los Angeles","2637"
"93534","Lancaster","Los Angeles","39798"
"93535","Lancaster","Los Angeles","74944"
"93536","Lancaster","Los Angeles","68575"
"93541","Lee Vining","Mono","266"
"93543","Littlerock","Los Angeles","14605"
"93544","Llano","Los Angeles","1086"
"93545","Lone Pine","Inyo","1522"
"93546","Mammoth Lakes","Mono","9750"
"93549","Olancha","Inyo","273"
"93550","Palmdale","Los Angeles","75617"
"93551","Palmdale","Los Angeles","50978"
"93552","Palmdale","Los Angeles","39776"
"93553","Pearblossom","Los Angeles","1513"
"93554","Randsburg","Kern","99"
"93555","Ridgecrest","Kern","33925"
"93558","Red Mountain","San Bernardino","17"
"93560","Rosamond","Kern","20988"
"93561","Tehachapi","Kern","35133"
"93562","Trona","San Bernardino","1757"
"93563","Valyermo","Los Angeles","419"
"93591","Palmdale","Los Angeles","6557"
"93592","Trona","San Bernardino","316"
"93601","Ahwahnee","Madera","1418"
"93602","Auberry","Fresno","3330"
"93603","Badger","Tulare","141"
"93604","Bass Lake","Madera","366"
"93605","Big Creek","Fresno","159"
"93606","Biola","Fresno","776"
"93608","Cantua Creek","Fresno","1057"
"93609","Caruthers","Fresno","5328"
"93610","Chowchilla","Madera","23279"
"93611","Clovis","Fresno","48619"
"93612","Clovis","Fresno","35475"
"93614","Coarsegold","Madera","12132"
"93615","Cutler","Tulare","6335"
"93616","Del Rey","Fresno","2370"
"93618","Dinuba","Tulare","31971"
"93620","Dos Palos","Merced","8452"
"93621","Dunlap","Fresno","118"
"93622","Firebaugh","Fresno","9417"
"93623","Fish Camp","Mariposa","59"
"93624","Five Points","Fresno","935"
"93625","Fowler","Fresno","7695"
"93626","Friant","Fresno","2464"
"93627","Helm","Fresno","134"
"93628","Hume","Fresno","289"
"93630","Kerman","Fresno","20727"
"93631","Kingsburg","Fresno","16163"
"93633","Kings Canyon National Pk","Tulare","0"
"93634","Lakeshore","Fresno","27"
"93635","Los Banos","Merced","41563"
"93637","Madera","Madera","41100"
"93638","Madera","Madera","51353"
"93640","Mendota","Fresno","13578"
"93641","Miramonte","Fresno","261"
"93643","North Fork","Madera","3059"
"93644","Oakhurst","Madera","8272"
"93645","O Neals","Madera","222"
"93646","Orange Cove","Fresno","11240"
"93647","Orosi","Tulare","11485"
"93648","Parlier","Fresno","16543"
"93650","Fresno","Fresno","2885"
"93651","Prather","Fresno","2289"
"93652","Raisin","Fresno","563"
"93653","Raymond","Madera","1304"
"93654","Reedley","Fresno","30798"
"93656","Riverdale","Fresno","5806"
"93657","Sanger","Fresno","36557"
"93660","San Joaquin","Fresno","4082"
"93662","Selma","Fresno","30453"
"93664","Shaver Lake","Fresno","370"
"93665","South Dos Palos","Merced","492"
"93666","Sultana","Tulare","1029"
"93667","Tollhouse","Fresno","2112"
"93668","Tranquillity","Fresno","1200"
"93669","Wishon","Madera","320"
"93673","Traver","Tulare","702"
"93675","Squaw Valley","Fresno","3775"
"93701","Fresno","Fresno","10398"
"93702","Fresno","Fresno","43697"
"93703","Fresno","Fresno","32102"
"93704","Fresno","Fresno","29205"
"93705","Fresno","Fresno","36370"
"93706","Fresno","Fresno","41534"
"93710","Fresno","Fresno","34123"
"93711","Fresno","Fresno","38680"
"93720","Fresno","Fresno","46725"
"93721","Fresno","Fresno","8475"
"93722","Fresno","Fresno","85811"
"93725","Fresno","Fresno","27167"
"93726","Fresno","Fresno","42945"
"93727","Fresno","Fresno","84656"
"93728","Fresno","Fresno","16738"
"93901","Salinas","Monterey","28089"
"93905","Salinas","Monterey","61633"
"93906","Salinas","Monterey","63733"
"93907","Salinas","Monterey","24337"
"93908","Salinas","Monterey","12195"
"93920","Big Sur","Monterey","1430"
"93921","Carmel","Monterey","2951"
"93923","Carmel","Monterey","12922"
"93924","Carmel Valley","Monterey","6421"
"93925","Chualar","Monterey","1794"
"93926","Gonzales","Monterey","8893"
"93927","Greenfield","Monterey","18344"
"93928","Jolon","Monterey","1019"
"93930","King City","Monterey","17599"
"93932","Lockwood","Monterey","502"
"93933","Marina","Monterey","25056"
"93940","Monterey","Monterey","32699"
"93943","Monterey","Monterey","0"
"93950","Pacific Grove","Monterey","15471"
"93953","Pebble Beach","Monterey","3783"
"93954","San Lucas","Monterey","438"
"93955","Seaside","Monterey","34757"
"93960","Soledad","Monterey","27009"
"93962","Spreckels","Monterey","373"
"94002","Belmont","San Mateo","27001"
"94005","Brisbane","San Mateo","4645"
"94010","Burlingame","San Mateo","42466"
"94014","Daly City","San Mateo","49565"
"94015","Daly City","San Mateo","65199"
"94019","Half Moon Bay","San Mateo","20207"
"94020","La Honda","San Mateo","1979"
"94021","Loma Mar","San Mateo","574"
"94022","Los Altos","Santa Clara","19701"
"94024","Los Altos","Santa Clara","23704"
"94025","Menlo Park","San Mateo","43996"
"94027","Atherton","San Mateo","7193"
"94028","Portola Valley","San Mateo","6718"
"94030","Millbrae","San Mateo","22998"
"94037","Montara","San Mateo","2833"
"94038","Moss Beach","San Mateo","3350"
"94040","Mountain View","Santa Clara","34804"
"94041","Mountain View","Santa Clara","13996"
"94043","Mountain View","Santa Clara","31999"
"94044","Pacifica","San Mateo","38677"
"94060","Pescadero","San Mateo","1098"
"94061","Redwood City","San Mateo","38158"
"94062","Redwood City","San Mateo","27871"
"94063","Redwood City","San Mateo","36110"
"94065","Redwood City","San Mateo","11603"
"94066","San Bruno","San Mateo","44538"
"94070","San Carlos","San Mateo","30420"
"94074","San Gregorio","San Mateo","177"
"94080","South San Francisco","San Mateo","67263"
"94085","Sunnyvale","Santa Clara","23592"
"94086","Sunnyvale","Santa Clara","49190"
"94087","Sunnyvale","Santa Clara","57015"
"94089","Sunnyvale","Santa Clara","23049"
"94102","San Francisco","San Francisco","33264"
"94103","San Francisco","San Francisco","31585"
"94104","San Francisco","San Francisco","438"
"94105","San Francisco","San Francisco","12944"
"94107","San Francisco","San Francisco","29708"
"94108","San Francisco","San Francisco","13535"
"94109","San Francisco","San Francisco","55797"
"94110","San Francisco","San Francisco","72765"
"94111","San Francisco","San Francisco","4023"
"94112","San Francisco","San Francisco","85053"
"94114","San Francisco","San Francisco","35077"
"94115","San Francisco","San Francisco","33841"
"94116","San Francisco","San Francisco","46594"
"94117","San Francisco","San Francisco","43526"
"94118","San Francisco","San Francisco","41241"
"94121","San Francisco","San Francisco","43843"
"94122","San Francisco","San Francisco","61248"
"94123","San Francisco","San Francisco","26074"
"94124","San Francisco","San Francisco","36278"
"94127","San Francisco","San Francisco","20413"
"94128","San Francisco","San Mateo","173"
"94129","San Francisco","San Francisco","4011"
"94130","San Francisco","San Francisco","3184"
"94131","San Francisco","San Francisco","30458"
"94132","San Francisco","San Francisco","30437"
"94133","San Francisco","San Francisco","26930"
"94134","San Francisco","San Francisco","43286"
"94301","Palo Alto","Santa Clara","17470"
"94303","Palo Alto","San Mateo","47828"
"94304","Palo Alto","Santa Clara","4391"
"94305","Stanford","Santa Clara","16283"
"94306","Palo Alto","Santa Clara","27650"
"94401","San Mateo","San Mateo","35013"
"94402","San Mateo","San Mateo","25966"
"94403","San Mateo","San Mateo","44361"
"94404","San Mateo","San Mateo","36086"
"94501","Alameda","Alameda","64487"
"94502","Alameda","Alameda","15340"
"94503","American Canyon","Napa","20295"
"94506","Danville","Contra Costa","27143"
"94507","Alamo","Contra Costa","14059"
"94508","Angwin","Napa","4083"
"94509","Antioch","Contra Costa","69295"
"94510","Benicia","Solano","28297"
"94511","Bethel Island","Contra Costa","2015"
"94512","Birds Landing","Solano","18"
"94513","Brentwood","Contra Costa","65454"
"94514","Byron","Contra Costa","2081"
"94515","Calistoga","Napa","7525"
"94516","Canyon","Contra Costa","233"
"94517","Clayton","Contra Costa","12970"
"94518","Concord","Contra Costa","28846"
"94519","Concord","Contra Costa","20317"
"94520","Concord","Contra Costa","38709"
"94521","Concord","Contra Costa","42891"
"94523","Pleasant Hill","Contra Costa","34929"
"94525","Crockett","Contra Costa","3231"
"94526","Danville","Contra Costa","33738"
"94528","Diablo","Contra Costa","804"
"94530","El Cerrito","Contra Costa","25925"
"94531","Antioch","Contra Costa","42163"
"94533","Fairfield","Solano","78695"
"94535","Travis Afb","Solano","3407"
"94536","Fremont","Alameda","74544"
"94538","Fremont","Alameda","67283"
"94539","Fremont","Alameda","55006"
"94541","Hayward","Alameda","66182"
"94542","Hayward","Alameda","15149"
"94544","Hayward","Alameda","78333"
"94545","Hayward","Alameda","32552"
"94546","Castro Valley","Alameda","45085"
"94547","Hercules","Contra Costa","26090"
"94548","Knightsen","Contra Costa","248"
"94549","Lafayette","Contra Costa","29344"
"94550","Livermore","Alameda","52617"
"94551","Livermore","Alameda","48151"
"94552","Castro Valley","Alameda","15220"
"94553","Martinez","Contra Costa","49801"
"94555","Fremont","Alameda","38017"
"94556","Moraga","Contra Costa","15776"
"94558","Napa","Napa","66854"
"94559","Napa","Napa","27564"
"94560","Newark","Alameda","48148"
"94561","Oakley","Contra Costa","43031"
"94563","Orinda","Contra Costa","19351"
"94564","Pinole","Contra Costa","19201"
"94565","Pittsburg","Contra Costa","97249"
"94566","Pleasanton","Alameda","45050"
"94567","Pope Valley","Napa","869"
"94568","Dublin","Alameda","57395"
"94569","Port Costa","Contra Costa","242"
"94571","Rio Vista","Solano","10330"
"94572","Rodeo","Contra Costa","9997"
"94573","Rutherford","Napa","70"
"94574","Saint Helena","Napa","8527"
"94575","Moraga","Contra Costa","1176"
"94576","Deer Park","Napa","123"
"94577","San Leandro","Alameda","48520"
"94578","San Leandro","Alameda","42468"
"94579","San Leandro","Alameda","21541"
"94580","San Lorenzo","Alameda","29661"
"94583","San Ramon","Contra Costa","38527"
"94585","Suisun City","Solano","29351"
"94586","Sunol","Alameda","817"
"94587","Union City","Alameda","75067"
"94588","Pleasanton","Alameda","36324"
"94589","Vallejo","Solano","30206"
"94590","Vallejo","Solano","37378"
"94591","Vallejo","Solano","56333"
"94592","Vallejo","Solano","1038"
"94595","Walnut Creek","Contra Costa","17730"
"94596","Walnut Creek","Contra Costa","22247"
"94597","Walnut Creek","Contra Costa","23263"
"94598","Walnut Creek","Contra Costa","26666"
"94599","Yountville","Napa","3070"
"94601","Oakland","Alameda","53104"
"94602","Oakland","Alameda","29593"
"94603","Oakland","Alameda","35486"
"94605","Oakland","Alameda","43167"
"94606","Oakland","Alameda","37640"
"94607","Oakland","Alameda","25723"
"94608","Emeryville","Alameda","31572"
"94609","Oakland","Alameda","23729"
"94610","Oakland","Alameda","31553"
"94611","Oakland","Alameda","39042"
"94612","Oakland","Alameda","16203"
"94613","Oakland","Alameda","868"
"94618","Oakland","Alameda","17110"
"94619","Oakland","Alameda","24833"
"94621","Oakland","Alameda","33820"
"94702","Berkeley","Alameda","17000"
"94703","Berkeley","Alameda","21942"
"94704","Berkeley","Alameda","29509"
"94705","Berkeley","Alameda","13612"
"94706","Albany","Alameda","21404"
"94707","Berkeley","Alameda","11887"
"94708","Berkeley","Alameda","11899"
"94709","Berkeley","Alameda","12411"
"94710","Berkeley","Alameda","8123"
"94720","Berkeley","Alameda","2829"
"94801","Richmond","Contra Costa","31443"
"94803","El Sobrante","Contra Costa","26062"
"94804","Richmond","Contra Costa","41440"
"94805","Richmond","Contra Costa","14292"
"94806","San Pablo","Contra Costa","63603"
"94850","Richmond","Contra Costa","0"
"94901","San Rafael","Marin","41235"
"94903","San Rafael","Marin","30198"
"94904","Greenbrae","Marin","13319"
"94920","Belvedere Tiburon","Marin","12592"
"94922","Bodega","Sonoma","726"
"94923","Bodega Bay","Sonoma","1185"
"94924","Bolinas","Marin","1273"
"94925","Corte Madera","Marin","9793"
"94928","Rohnert Park","Sonoma","43908"
"94929","Dillon Beach","Marin","309"
"94930","Fairfax","Marin","8794"
"94931","Cotati","Sonoma","9097"
"94933","Forest Knolls","Marin","880"
"94937","Inverness","Marin","920"
"94938","Lagunitas","Marin","967"
"94939","Larkspur","Marin","6910"
"94940","Marshall","Marin","244"
"94941","Mill Valley","Marin","32707"
"94945","Novato","Marin","18084"
"94946","Nicasio","Marin","723"
"94947","Novato","Marin","25809"
"94949","Novato","Marin","17942"
"94950","Olema","Marin","118"
"94951","Penngrove","Sonoma","3672"
"94952","Petaluma","Sonoma","35198"
"94954","Petaluma","Sonoma","39018"
"94956","Point Reyes Station","Marin","1181"
"94957","Ross","Marin","1185"
"94960","San Anselmo","Marin","16199"
"94963","San Geronimo","Marin","195"
"94964","San Quentin","Marin","2959"
"94965","Sausalito","Marin","11438"
"94970","Stinson Beach","Marin","653"
"94971","Tomales","Marin","197"
"94972","Valley Ford","Sonoma","227"
"94973","Woodacre","Marin","1515"
"95002","Alviso","Santa Clara","2251"
"95003","Aptos","Santa Cruz","25230"
"95004","Aromas","Monterey","4295"
"95005","Ben Lomond","Santa Cruz","7731"
"95006","Boulder Creek","Santa Cruz","9457"
"95007","Brookdale","Santa Cruz","395"
"95008","Campbell","Santa Clara","47886"
"95010","Capitola","Santa Cruz","8908"
"95012","Castroville","Monterey","10083"
"95013","Coyote","Santa Clara","34"
"95014","Cupertino","Santa Clara","61480"
"95017","Davenport","Santa Cruz","831"
"95018","Felton","Santa Cruz","6348"
"95019","Freedom","Santa Cruz","8743"
"95020","Gilroy","Santa Clara","63522"
"95023","Hollister","San Benito","54197"
"95030","Los Gatos","Santa Clara","13631"
"95032","Los Gatos","Santa Clara","25865"
"95033","Los Gatos","Santa Clara","9910"
"95035","Milpitas","Santa Clara","75367"
"95037","Morgan Hill","Santa Clara","51968"
"95039","Moss Landing","Monterey","1209"
"95041","Mount Hermon","Santa Cruz","349"
"95043","Paicines","San Benito","727"
"95045","San Juan Bautista","San Benito","4340"
"95046","San Martin","Santa Clara","5905"
"95050","Santa Clara","Santa Clara","38884"
"95051","Santa Clara","Santa Clara","59209"
"95053","Santa Clara","Santa Clara","3835"
"95054","Santa Clara","Santa Clara","23959"
"95060","Santa Cruz","Santa Cruz","48910"
"95062","Santa Cruz","Santa Cruz","36413"
"95064","Santa Cruz","Santa Cruz","10622"
"95065","Santa Cruz","Santa Cruz","8164"
"95066","Scotts Valley","Santa Cruz","15275"
"95070","Saratoga","Santa Clara","31442"
"95073","Soquel","Santa Cruz","11289"
"95075","Tres Pinos","San Benito","429"
"95076","Watsonville","Santa Cruz","84281"
"95110","San Jose","Santa Clara","20004"
"95111","San Jose","Santa Clara","61183"
"95112","San Jose","Santa Clara","59959"
"95113","San Jose","Santa Clara","2550"
"95116","San Jose","Santa Clara","54758"
"95117","San Jose","Santa Clara","31702"
"95118","San Jose","Santa Clara","32768"
"95119","San Jose","Santa Clara","10450"
"95120","San Jose","Santa Clara","38177"
"95121","San Jose","Santa Clara","38258"
"95122","San Jose","Santa Clara","55619"
"95123","San Jose","Santa Clara","70005"
"95124","San Jose","Santa Clara","52049"
"95125","San Jose","Santa Clara","54076"
"95126","San Jose","Santa Clara","37063"
"95127","San Jose","Santa Clara","63220"
"95128","San Jose","Santa Clara","35986"
"95129","San Jose","Santa Clara","40277"
"95130","San Jose","Santa Clara","14051"
"95131","San Jose","Santa Clara","32096"
"95132","San Jose","Santa Clara","42726"
"95133","San Jose","Santa Clara","28158"
"95134","San Jose","Santa Clara","30499"
"95135","San Jose","Santa Clara","22509"
"95136","San Jose","Santa Clara","48492"
"95138","San Jose","Santa Clara","20597"
"95139","San Jose","Santa Clara","7262"
"95140","Mount Hamilton","Santa Clara","56"
"95148","San Jose","Santa Clara","48629"
"95202","Stockton","San Joaquin","6607"
"95203","Stockton","San Joaquin","15561"
"95204","Stockton","San Joaquin","28860"
"95205","Stockton","San Joaquin","37133"
"95206","Stockton","San Joaquin","65643"
"95207","Stockton","San Joaquin","51652"
"95209","Stockton","San Joaquin","44325"
"95210","Stockton","San Joaquin","41641"
"95211","Stockton","San Joaquin","2343"
"95212","Stockton","San Joaquin","28281"
"95215","Stockton","San Joaquin","25473"
"95219","Stockton","San Joaquin","29117"
"95220","Acampo","San Joaquin","8228"
"95222","Angels Camp","Calaveras","5418"
"95223","Arnold","Calaveras","2602"
"95224","Avery","Calaveras","195"
"95225","Burson","Calaveras","618"
"95226","Campo Seco","Calaveras","0"
"95227","Clements","San Joaquin","734"
"95228","Copperopolis","Calaveras","4486"
"95230","Farmington","San Joaquin","661"
"95231","French Camp","San Joaquin","5520"
"95232","Glencoe","Calaveras","203"
"95233","Hathaway Pines","Calaveras","381"
"95234","Holt","San Joaquin","0"
"95236","Linden","San Joaquin","4458"
"95237","Lockeford","San Joaquin","3655"
"95240","Lodi","San Joaquin","49439"
"95242","Lodi","San Joaquin","27340"
"95245","Mokelumne Hill","Calaveras","1650"
"95246","Mountain Ranch","Calaveras","1234"
"95247","Murphys","Calaveras","3853"
"95248","Rail Road Flat","Calaveras","108"
"95249","San Andreas","Calaveras","5988"
"95250","Sheep Ranch","Calaveras","196"
"95251","Vallecito","Calaveras","496"
"95252","Valley Springs","Calaveras","15779"
"95254","Wallace","Calaveras","721"
"95255","West Point","Calaveras","1591"
"95257","Wilseyville","Calaveras","386"
"95258","Woodbridge","San Joaquin","3820"
"95301","Atwater","Merced","39922"
"95303","Ballico","Merced","1019"
"95304","Tracy","San Joaquin","15533"
"95305","Big Oak Flat","Tuolumne","0"
"95306","Catheys Valley","Mariposa","841"
"95307","Ceres","Stanislaus","47130"
"95310","Columbia","Tuolumne","1654"
"95311","Coulterville","Mariposa","1976"
"95312","Cressey","Merced","206"
"95313","Crows Landing","Stanislaus","1166"
"95314","Dardanelle","Tuolumne","95"
"95315","Delhi","Merced","14434"
"95316","Denair","Stanislaus","8090"
"95317","El Nido","Merced","1085"
"95318","El Portal","Mariposa","271"
"95319","Empire","Stanislaus","1548"
"95320","Escalon","San Joaquin","12990"
"95321","Groveland","Tuolumne","3544"
"95322","Gustine","Merced","10016"
"95323","Hickman","Stanislaus","1484"
"95324","Hilmar","Merced","8738"
"95325","Hornitos","Mariposa","65"
"95326","Hughson","Stanislaus","10669"
"95327","Jamestown","Tuolumne","8542"
"95328","Keyes","Stanislaus","3680"
"95329","La Grange","Stanislaus","2318"
"95330","Lathrop","San Joaquin","24096"
"95333","Le Grand","Merced","3012"
"95334","Livingston","Merced","17624"
"95335","Long Barn","Tuolumne","88"
"95336","Manteca","San Joaquin","47243"
"95337","Manteca","San Joaquin","40657"
"95338","Mariposa","Mariposa","10633"
"95340","Merced","Merced","36402"
"95341","Merced","Merced","34047"
"95345","Midpines","Mariposa","715"
"95346","Mi Wuk Village","Tuolumne","1159"
"95348","Merced","Merced","34302"
"95350","Modesto","Stanislaus","54044"
"95351","Modesto","Stanislaus","48844"
"95354","Modesto","Stanislaus","24481"
"95355","Modesto","Stanislaus","59272"
"95356","Modesto","Stanislaus","32387"
"95357","Modesto","Stanislaus","13011"
"95358","Modesto","Stanislaus","32583"
"95360","Newman","Stanislaus","13571"
"95361","Oakdale","Stanislaus","34624"
"95363","Patterson","Stanislaus","28333"
"95364","Pinecrest","Tuolumne","0"
"95365","Planada","Merced","4292"
"95366","Ripon","San Joaquin","18728"
"95367","Riverbank","Stanislaus","24976"
"95368","Salida","Stanislaus","15251"
"95369","Snelling","Merced","978"
"95370","Sonora","Tuolumne","28301"
"95372","Soulsbyville","Tuolumne","1761"
"95374","Stevinson","Merced","1714"
"95375","Strawberry","Tuolumne","5"
"95376","Tracy","San Joaquin","55296"
"95377","Tracy","San Joaquin","32599"
"95379","Tuolumne","Tuolumne","3856"
"95380","Turlock","Stanislaus","43973"
"95382","Turlock","Stanislaus","38029"
"95383","Twain Harte","Tuolumne","3816"
"95385","Vernalis","San Joaquin","430"
"95386","Waterford","Stanislaus","10493"
"95387","Westley","Stanislaus","600"
"95388","Winton","Merced","13805"
"95389","Yosemite National Park","Mariposa","1464"
"95391","Tracy","San Joaquin","21488"
"95401","Santa Rosa","Sonoma","38872"
"95403","Santa Rosa","Sonoma","44716"
"95404","Santa Rosa","Sonoma","38462"
"95405","Santa Rosa","Sonoma","22875"
"95407","Santa Rosa","Sonoma","42815"
"95409","Santa Rosa","Sonoma","26739"
"95410","Albion","Mendocino","970"
"95412","Annapolis","Sonoma","485"
"95415","Boonville","Mendocino","1273"
"95417","Branscomb","Mendocino","257"
"95420","Caspar","Mendocino","235"
"95421","Cazadero","Sonoma","1662"
"95422","Clearlake","Lake","15644"
"95423","Clearlake Oaks","Lake","3597"
"95425","Cloverdale","Sonoma","11144"
"95426","Cobb","Lake","1124"
"95427","Comptche","Mendocino","548"
"95428","Covelo","Mendocino","2821"
"95429","Dos Rios","Mendocino","84"
"95430","Duncans Mills","Sonoma","13"
"95431","Eldridge","Sonoma","121"
"95432","Elk","Mendocino","596"
"95435","Finley","Lake","313"
"95436","Forestville","Sonoma","6602"
"95437","Fort Bragg","Mendocino","15098"
"95439","Fulton","Sonoma","444"
"95441","Geyserville","Sonoma","1696"
"95442","Glen Ellen","Sonoma","3143"
"95443","Glenhaven","Lake","183"
"95444","Graton","Sonoma","357"
"95445","Gualala","Mendocino","1989"
"95446","Guerneville","Sonoma","4951"
"95448","Healdsburg","Sonoma","17353"
"95449","Hopland","Mendocino","1393"
"95450","Jenner","Sonoma","223"
"95451","Kelseyville","Lake","12031"
"95452","Kenwood","Sonoma","740"
"95453","Lakeport","Lake","11209"
"95454","Laytonville","Mendocino","2165"
"95456","Littleriver","Mendocino","682"
"95457","Lower Lake","Lake","3061"
"95458","Lucerne","Lake","2825"
"95459","Manchester","Mendocino","838"
"95460","Mendocino","Mendocino","2106"
"95461","Middletown","Lake","2714"
"95462","Monte Rio","Sonoma","1224"
"95463","Navarro","Mendocino","109"
"95464","Nice","Lake","2715"
"95465","Occidental","Sonoma","1908"
"95466","Philo","Mendocino","943"
"95468","Point Arena","Mendocino","1369"
"95469","Potter Valley","Mendocino","1499"
"95470","Redwood Valley","Mendocino","5359"
"95471","Rio Nido","Sonoma","569"
"95472","Sebastopol","Sonoma","29690"
"95476","Sonoma","Sonoma","37150"
"95482","Ukiah","Mendocino","31714"
"95485","Upper Lake","Lake","2804"
"95486","Villa Grande","Sonoma","44"
"95488","Westport","Mendocino","192"
"95490","Willits","Mendocino","13731"
"95492","Windsor","Sonoma","29502"
"95493","Witter Springs","Lake","99"
"95494","Yorkville","Mendocino","181"
"95497","The Sea Ranch","Sonoma","1156"
"95501","Eureka","Humboldt","23948"
"95503","Eureka","Humboldt","24631"
"95511","Alderpoint","Humboldt","138"
"95514","Blocksburg","Humboldt","109"
"95519","Mckinleyville","Humboldt","18831"
"95521","Arcata","Humboldt","21193"
"95524","Bayside","Humboldt","1764"
"95525","Blue Lake","Humboldt","1403"
"95526","Bridgeville","Humboldt","210"
"95527","Burnt Ranch","Trinity","437"
"95528","Carlotta","Humboldt","1745"
"95531","Crescent City","Del Norte","24052"
"95536","Ferndale","Humboldt","3081"
"95537","Fields Landing","Humboldt","577"
"95540","Fortuna","Humboldt","14316"
"95542","Garberville","Humboldt","2262"
"95543","Gasquet","Del Norte","629"
"95545","Honeydew","Humboldt","110"
"95546","Hoopa","Humboldt","3507"
"95547","Hydesville","Humboldt","1051"
"95548","Klamath","Del Norte","1123"
"95549","Kneeland","Humboldt","1088"
"95550","Korbel","Humboldt","172"
"95551","Loleta","Humboldt","1601"
"95552","Mad River","Trinity","699"
"95553","Miranda","Humboldt","783"
"95554","Myers Flat","Humboldt","419"
"95555","Orick","Humboldt","390"
"95556","Orleans","Humboldt","910"
"95558","Petrolia","Humboldt","409"
"95559","Phillipsville","Humboldt","102"
"95560","Redway","Humboldt","1534"
"95562","Rio Dell","Humboldt","3412"
"95563","Salyer","Trinity","591"
"95564","Samoa","Humboldt","465"
"95565","Scotia","Humboldt","662"
"95567","Smith River","Del Norte","1888"
"95568","Somes Bar","Siskiyou","211"
"95569","Redcrest","Humboldt","244"
"95570","Trinidad","Humboldt","2599"
"95571","Weott","Humboldt","124"
"95573","Willow Creek","Humboldt","1285"
"95585","Leggett","Mendocino","420"
"95587","Piercy","Mendocino","62"
"95589","Whitethorn","Humboldt","1140"
"95595","Zenia","Trinity","160"
"95601","Amador City","Amador","136"
"95602","Auburn","Placer","18588"
"95603","Auburn","Placer","29930"
"95604","Auburn","Placer","62"
"95605","West Sacramento","Yolo","14468"
"95606","Brooks","Yolo","303"
"95607","Capay","Yolo","303"
"95608","Carmichael","Sacramento","62330"
"95610","Citrus Heights","Sacramento","46924"
"95612","Clarksburg","Yolo","1465"
"95614","Cool","El Dorado","4446"
"95615","Courtland","Sacramento","877"
"95616","Davis","Yolo","53805"
"95618","El Macero","Yolo","27238"
"95619","Diamond Springs","El Dorado","6504"
"95620","Dixon","Solano","22312"
"95621","Citrus Heights","Sacramento","41755"
"95623","El Dorado","El Dorado","3949"
"95624","Elk Grove","Sacramento","67017"
"95625","Elmira","Solano","175"
"95626","Elverta","Sacramento","5879"
"95627","Esparto","Yolo","4516"
"95628","Fair Oaks","Sacramento","40922"
"95629","Fiddletown","Amador","511"
"95630","Folsom","Sacramento","79584"
"95631","Foresthill","Placer","6604"
"95632","Galt","Sacramento","32039"
"95633","Garden Valley","El Dorado","4482"
"95634","Georgetown","El Dorado","3921"
"95635","Greenwood","El Dorado","801"
"95636","Grizzly Flats","El Dorado","1382"
"95637","Guinda","Yolo","140"
"95638","Herald","Sacramento","2142"
"95639","Hood","Sacramento","309"
"95640","Ione","Amador","11872"
"95641","Isleton","Sacramento","1459"
"95642","Jackson","Amador","6547"
"95645","Knights Landing","Yolo","1704"
"95646","Kirkwood","Alpine","156"
"95648","Lincoln","Placer","52777"
"95650","Loomis","Placer","15172"
"95651","Lotus","El Dorado","480"
"95652","Mcclellan","Sacramento","635"
"95653","Madison","Yolo","502"
"95655","Mather","Sacramento","4334"
"95658","Newcastle","Placer","6491"
"95659","Nicolaus","Sutter","748"
"95660","North Highlands","Sacramento","36820"
"95661","Roseville","Placer","31851"
"95662","Orangevale","Sacramento","32363"
"95663","Penryn","Placer","2787"
"95664","Pilot Hill","El Dorado","1280"
"95665","Pine Grove","Amador","3729"
"95666","Pioneer","Amador","4692"
"95667","Placerville","El Dorado","35452"
"95668","Pleasant Grove","Sutter","588"
"95669","Plymouth","Amador","4899"
"95670","Rancho Cordova","Sacramento","57222"
"95672","Rescue","El Dorado","6543"
"95673","Rio Linda","Sacramento","16337"
"95674","Rio Oso","Sutter","910"
"95675","River Pines","Amador","420"
"95677","Rocklin","Placer","26872"
"95678","Roseville","Placer","43078"
"95679","Rumsey","Yolo","63"
"95680","Ryde","Sacramento","0"
"95681","Sheridan","Placer","1023"
"95682","Shingle Springs","El Dorado","29556"
"95683","Sloughhouse","Sacramento","6084"
"95684","Somerset","El Dorado","2857"
"95685","Sutter Creek","Amador","4796"
"95686","Thornton","San Joaquin","1133"
"95687","Vacaville","Solano","69073"
"95688","Vacaville","Solano","38114"
"95689","Volcano","Amador","1454"
"95690","Walnut Grove","Sacramento","2060"
"95691","West Sacramento","Yolo","39198"
"95692","Wheatland","Yuba","4924"
"95693","Wilton","Sacramento","6404"
"95694","Winters","Yolo","10549"
"95695","Woodland","Yolo","40340"
"95697","Yolo","Yolo","188"
"95698","Zamora","Yolo","193"
"95699","Drytown","Amador","13"
"95701","Alta","Placer","1064"
"95703","Applegate","Placer","910"
"95709","Camino","El Dorado","5634"
"95713","Colfax","Placer","10545"
"95714","Dutch Flat","Placer","445"
"95715","Emigrant Gap","Placer","101"
"95717","Gold Run","Placer","150"
"95720","Kyburz","El Dorado","108"
"95721","Echo Lake","El Dorado","0"
"95722","Meadow Vista","Placer","4969"
"95724","Norden","Nevada","23"
"95726","Pollock Pines","El Dorado","8207"
"95728","Soda Springs","Nevada","328"
"95735","Twin Bridges","El Dorado","33"
"95736","Weimar","Placer","277"
"95742","Rancho Cordova","Sacramento","12643"
"95746","Granite Bay","Placer","23208"
"95747","Roseville","Placer","68541"
"95758","Elk Grove","Sacramento","65952"
"95762","El Dorado Hills","El Dorado","43396"
"95765","Rocklin","Placer","39992"
"95776","Woodland","Yolo","24311"
"95814","Sacramento","Sacramento","12551"
"95815","Sacramento","Sacramento","25966"
"95816","Sacramento","Sacramento","16913"
"95817","Sacramento","Sacramento","13966"
"95818","Sacramento","Sacramento","21437"
"95819","Sacramento","Sacramento","20379"
"95820","Sacramento","Sacramento","35145"
"95821","Sacramento","Sacramento","36434"
"95822","Sacramento","Sacramento","45123"
"95823","Sacramento","Sacramento","80842"
"95824","Sacramento","Sacramento","30213"
"95825","Sacramento","Sacramento","37268"
"95826","Sacramento","Sacramento","39210"
"95827","Sacramento","Sacramento","21325"
"95828","Sacramento","Sacramento","59139"
"95829","Sacramento","Sacramento","29014"
"95830","Sacramento","Sacramento","670"
"95831","Sacramento","Sacramento","43141"
"95832","Sacramento","Sacramento","12695"
"95833","Sacramento","Sacramento","40380"
"95834","Sacramento","Sacramento","31077"
"95835","Sacramento","Sacramento","39444"
"95837","Sacramento","Sacramento","265"
"95838","Sacramento","Sacramento","40068"
"95841","Sacramento","Sacramento","20063"
"95842","Sacramento","Sacramento","33287"
"95843","Antelope","Sacramento","47928"
"95864","Sacramento","Sacramento","25001"
"95901","Marysville","Yuba","35181"
"95903","Beale Afb","Yuba","1601"
"95910","Alleghany","Sierra","157"
"95912","Arbuckle","Colusa","5112"
"95914","Bangor","Butte","660"
"95915","Belden","Plumas","0"
"95916","Berry Creek","Butte","1206"
"95917","Biggs","Butte","3881"
"95918","Browns Valley","Yuba","2613"
"95919","Brownsville","Yuba","1306"
"95920","Butte City","Glenn","304"
"95922","Camptonville","Yuba","512"
"95923","Canyondam","Plumas","27"
"95925","Challenge","Yuba","261"
"95926","Chico","Butte","41390"
"95928","Chico","Butte","38655"
"95930","Clipper Mills","Butte","115"
"95932","Colusa","Colusa","7573"
"95934","Crescent Mills","Plumas","80"
"95935","Dobbins","Yuba","113"
"95936","Downieville","Sierra","99"
"95937","Dunnigan","Yolo","1542"
"95938","Durham","Butte","4202"
"95939","Elk Creek","Glenn","592"
"95941","Forbestown","Butte","848"
"95942","Forest Ranch","Butte","1605"
"95943","Glenn","Glenn","731"
"95944","Goodyears Bar","Sierra","80"
"95945","Grass Valley","Nevada","26281"
"95946","Penn Valley","Nevada","8335"
"95947","Greenville","Plumas","1676"
"95948","Gridley","Butte","12122"
"95949","Grass Valley","Nevada","20763"
"95950","Grimes","Colusa","494"
"95951","Hamilton City","Glenn","2603"
"95953","Live Oak","Sutter","11073"
"95954","Magalia","Butte","12221"
"95955","Maxwell","Colusa","1513"
"95956","Meadow Valley","Plumas","399"
"95957","Meridian","Sutter","723"
"95959","Nevada City","Nevada","17838"
"95960","North San Juan","Nevada","592"
"95961","Olivehurst","Yuba","28929"
"95962","Oregon House","Yuba","1053"
"95963","Orland","Glenn","15904"
"95965","Oroville","Butte","20681"
"95966","Oroville","Butte","29444"
"95968","Palermo","Butte","1172"
"95969","Paradise","Butte","19112"
"95970","Princeton","Colusa","533"
"95971","Quincy","Plumas","5948"
"95973","Chico","Butte","36223"
"95974","Richvale","Butte","0"
"95975","Rough And Ready","Nevada","1736"
"95977","Smartville","Yuba","1586"
"95978","Stirling City","Butte","153"
"95979","Stonyford","Colusa","397"
"95981","Strawberry Valley","Yuba","35"
"95982","Sutter","Sutter","3097"
"95983","Taylorsville","Plumas","306"
"95984","Twain","Plumas","303"
"95986","Washington","Nevada","123"
"95987","Williams","Colusa","6040"
"95988","Willows","Glenn","8460"
"95991","Yuba City","Sutter","40749"
"95993","Yuba City","Sutter","37713"
"96001","Redding","Shasta","34008"
"96002","Redding","Shasta","33943"
"96003","Redding","Shasta","44171"
"96006","Adin","Modoc","615"
"96007","Anderson","Shasta","23670"
"96008","Bella Vista","Shasta","1343"
"96009","Bieber","Lassen","291"
"96010","Big Bar","Trinity","96"
"96011","Big Bend","Shasta","260"
"96013","Burney","Shasta","4883"
"96014","Callahan","Siskiyou","160"
"96015","Canby","Modoc","334"
"96016","Cassel","Shasta","366"
"96017","Castella","Shasta","202"
"96019","Shasta Lake","Shasta","10216"
"96020","Chester","Plumas","2417"
"96021","Corning","Tehama","14970"
"96022","Cottonwood","Shasta","14624"
"96023","Dorris","Siskiyou","1188"
"96024","Douglas City","Trinity","825"
"96025","Dunsmuir","Siskiyou","2232"
"96027","Etna","Siskiyou","2273"
"96028","Fall River Mills","Shasta","1000"
"96029","Flournoy","Tehama","190"
"96031","Forks Of Salmon","Siskiyou","96"
"96032","Fort Jones","Siskiyou","2732"
"96033","French Gulch","Shasta","484"
"96034","Gazelle","Siskiyou","328"
"96035","Gerber","Tehama","3341"
"96037","Greenview","Siskiyou","188"
"96038","Grenada","Siskiyou","717"
"96039","Happy Camp","Siskiyou","896"
"96040","Hat Creek","Shasta","68"
"96041","Hayfork","Trinity","2871"
"96044","Hornbrook","Siskiyou","1125"
"96046","Hyampom","Trinity","124"
"96047","Igo","Shasta","939"
"96048","Junction City","Trinity","795"
"96049","Redding","Shasta","87"
"96050","Klamath River","Siskiyou","414"
"96051","Lakehead","Shasta","1193"
"96052","Lewiston","Trinity","1724"
"96054","Lookout","Modoc","265"
"96055","Los Molinos","Tehama","4194"
"96056","Mcarthur","Shasta","1730"
"96057","Mccloud","Siskiyou","1089"
"96058","Macdoel","Siskiyou","507"
"96059","Manton","Tehama","478"
"96061","Mill Creek","Tehama","0"
"96062","Millville","Shasta","1217"
"96063","Mineral","Tehama","250"
"96064","Montague","Siskiyou","4368"
"96065","Montgomery Creek","Shasta","286"
"96067","Mount Shasta","Siskiyou","7050"
"96068","Nubieber","Lassen","200"
"96069","Oak Run","Shasta","1167"
"96071","Old Station","Shasta","21"
"96073","Palo Cedro","Shasta","4538"
"96074","Paskenta","Tehama","109"
"96075","Paynes Creek","Tehama","353"
"96076","Platina","Shasta","201"
"96080","Red Bluff","Tehama","31009"
"96084","Round Mountain","Shasta","514"
"96085","Scott Bar","Siskiyou","66"
"96086","Seiad Valley","Siskiyou","239"
"96087","Shasta","Shasta","699"
"96088","Shingletown","Shasta","5022"
"96090","Tehama","Tehama","503"
"96091","Trinity Center","Trinity","678"
"96092","Vina","Tehama","320"
"96093","Weaverville","Trinity","3469"
"96094","Weed","Siskiyou","7104"
"96096","Whitmore","Shasta","718"
"96097","Yreka","Siskiyou","9468"
"96101","Alturas","Modoc","5152"
"96103","Blairsden-Graeagle","Plumas","1343"
"96104","Cedarville","Modoc","920"
"96105","Chilcoot","Plumas","351"
"96106","Clio","Plumas","465"
"96107","Coleville","Mono","1057"
"96108","Davis Creek","Modoc","158"
"96109","Doyle","Lassen","914"
"96110","Eagleville","Modoc","87"
"96111","Floriston","Nevada","111"
"96112","Fort Bidwell","Modoc","210"
"96113","Herlong","Lassen","1916"
"96114","Janesville","Lassen","3129"
"96115","Lake City","Modoc","167"
"96116","Likely","Modoc","149"
"96117","Litchfield","Lassen","304"
"96118","Loyalton","Sierra","1671"
"96119","Madeline","Lassen","11"
"96120","Markleeville","Alpine","927"
"96121","Milford","Lassen","298"
"96122","Portola","Plumas","3594"
"96123","Ravendale","Lassen","45"
"96124","Calpine","Sierra","367"
"96125","Sierra City","Sierra","84"
"96126","Sierraville","Sierra","166"
"96128","Standish","Lassen","823"
"96129","Beckwourth","Plumas","301"
"96130","Susanville","Lassen","19859"
"96132","Termo","Lassen","54"
"96133","Topaz","Mono","136"
"96134","Tulelake","Siskiyou","2075"
"96135","Vinton","Plumas","280"
"96136","Wendel","Lassen","24"
"96137","Westwood","Lassen","3076"
"96140","Carnelian Bay","Placer","1345"
"96141","Homewood","Placer","463"
"96142","Tahoma","El Dorado","934"
"96143","Kings Beach","Placer","3356"
"96145","Tahoe City","Placer","2664"
"96146","Olympic Valley","Placer","1096"
"96148","Tahoe Vista","Placer","679"
"96150","South Lake Tahoe","El Dorado","30369"
"96155","South Lake Tahoe","El Dorado","0"
"96161","Truckee","Nevada","18782"